{
  "users": [
    {
      "id": 1,
      "name": "iboya vat",
      "image": "https://randomuser.me/api/portraits/thumb/women/67.jpg",
      "email": "iboya.vat@example.com",
      "joined": "07/15/15"
    },
    {
      "id": 2,
      "name": "aapo niskanen",
      "image": "https://randomuser.me/api/portraits/thumb/men/34.jpg",
      "email": "aapo.niskanen@example.com",
      "joined": "07/15/15"
    },
    {
      "id": 3,
      "name": "zilda moreira",
      "image": "https://randomuser.me/api/portraits/thumb/women/38.jpg",
      "email": "zilda.moreira@example.com",
      "joined": "07/15/15"
    },
    {
      "id": 4,
      "name": "lilou le gall",
      "image": "https://randomuser.me/api/portraits/thumb/women/23.jpg",
      "email": "lilou.legall@example.com",
      "joined": "07/15/15"
    },
    {
      "id": 5,
      "name": "lucy hall",
      "image": "https://randomuser.me/api/portraits/thumb/women/24.jpg",
      "email": "lucy.hall@example.com",
      "joined": "07/15/15"
    },
    {
      "id": 6,
      "name": "sara alves",
      "image": "https://randomuser.me/api/portraits/thumb/women/14.jpg",
      "email": "sara.alves@example.com",
      "joined": "07/15/15"
    },
    {
      "id": 7,
      "name": "ramon macrae",
      "image": "https://randomuser.me/api/portraits/thumb/men/49.jpg",
      "email": "ramon.macrae@example.com",
      "joined": "07/15/15"
    },
    {
      "id": 8,
      "name": "connor taylor",
      "image": "https://randomuser.me/api/portraits/thumb/men/15.jpg",
      "email": "connor.taylor@example.com",
      "joined": "07/15/15"
    },
    {
      "id": 9,
      "name": "aymeric morel",
      "image": "https://randomuser.me/api/portraits/thumb/men/11.jpg",
      "email": "aymeric.morel@example.com",
      "joined": "07/15/15"
    },
    {
      "id": 10,
      "name": "lorenz otto",
      "image": "https://randomuser.me/api/portraits/thumb/men/49.jpg",
      "email": "lorenz.otto@example.com",
      "joined": "07/15/15"
    },
    {
      "id": 11,
      "name": "ceylan atakol",
      "image": "https://randomuser.me/api/portraits/thumb/women/81.jpg",
      "email": "ceylan.atakol@example.com",
      "joined": "04/08/07"
    },
    {
      "id": 12,
      "name": "renata philippe",
      "image": "https://randomuser.me/api/portraits/thumb/women/11.jpg",
      "email": "renata.philippe@example.com",
      "joined": "11/10/09"
    },
    {
      "id": 13,
      "name": "jose villareal",
      "image": "https://randomuser.me/api/portraits/thumb/men/30.jpg",
      "email": "jose.villareal@example.com",
      "joined": "05/26/02"
    },
    {
      "id": 14,
      "name": "johan petersen",
      "image": "https://randomuser.me/api/portraits/thumb/women/46.jpg",
      "email": "johan.petersen@example.com",
      "joined": "03/07/07"
    },
    {
      "id": 15,
      "name": "jimi lehtola",
      "image": "https://randomuser.me/api/portraits/thumb/men/30.jpg",
      "email": "jimi.lehtola@example.com",
      "joined": "08/11/15"
    },
    {
      "id": 16,
      "name": "ielizaveta zagrodskiy",
      "image": "https://randomuser.me/api/portraits/thumb/women/53.jpg",
      "email": "ielizaveta.zagrodskiy@example.com",
      "joined": "10/30/10"
    },
    {
      "id": 17,
      "name": "mercedes ibarra",
      "image": "https://randomuser.me/api/portraits/thumb/women/54.jpg",
      "email": "mercedes.ibarra@example.com",
      "joined": "09/10/11"
    },
    {
      "id": 18,
      "name": "cesaltino santos",
      "image": "https://randomuser.me/api/portraits/thumb/men/70.jpg",
      "email": "cesaltino.santos@example.com",
      "joined": "12/26/20"
    },
    {
      "id": 19,
      "name": "june george",
      "image": "https://randomuser.me/api/portraits/thumb/women/19.jpg",
      "email": "june.george@example.com",
      "joined": "04/15/13"
    },
    {
      "id": 20,
      "name": "ridge vankoolwijk",
      "image": "https://randomuser.me/api/portraits/thumb/men/63.jpg",
      "email": "ridge.vankoolwijk@example.com",
      "joined": "05/13/09"
    },
    {
      "id": 21,
      "name": "elli huotari",
      "image": "https://randomuser.me/api/portraits/thumb/women/81.jpg",
      "email": "elli.huotari@example.com",
      "joined": "04/25/02"
    },
    {
      "id": 22,
      "name": "martin palmer",
      "image": "https://randomuser.me/api/portraits/thumb/men/8.jpg",
      "email": "martin.palmer@example.com",
      "joined": "03/31/09"
    },
    {
      "id": 23,
      "name": "miriam morales",
      "image": "https://randomuser.me/api/portraits/thumb/women/61.jpg",
      "email": "miriam.morales@example.com",
      "joined": "06/25/20"
    },
    {
      "id": 24,
      "name": "elizabeth evans",
      "image": "https://randomuser.me/api/portraits/thumb/women/63.jp",
      "email": "elizabeth.evans@example.com",
      "joined": "07/29/17"
    },
    {
      "id": 25,
      "name": "melissa fisher",
      "image": "https://randomuser.me/api/portraits/thumb/women/8.jpg",
      "email": "melissa.fisher@example.com",
      "joined": "10/15/12"
    },
    {
      "id": 26,
      "name": "lawrence newman",
      "image": "https://randomuser.me/api/portraits/thumb/men/1.jpg",
      "email": "lawrence.newman@example.com",
      "joined": "10/18/08"
    },
    {
      "id": 27,
      "name": "felix christensen",
      "image": "https://randomuser.me/api/portraits/thumb/men/83.jpg",
      "email": "felix.christensen@example.com",
      "joined": "10/29/05"
    },
    {
      "id": 28,
      "name": "eva dominguez",
      "image": "https://randomuser.me/api/portraits/thumb/women/3.jpg",
      "email": "eva.dominguez@example.com",
      "joined": "07/19/20"
    },
    {
      "id": 29,
      "name": "jeanne martin",
      "image": "https://randomuser.me/api/portraits/thumb/women/30.jpg",
      "email": "jeanne.martin@example.com",
      "joined": "01/02/07"
    },
    {
      "id": 30,
      "name": "rostislava pavlyak",
      "image": "https://randomuser.me/api/portraits/thumb/women/49.jpg",
      "email": "rostislava.pavlyak@example.com",
      "joined": "09/14/10"
    },
    {
      "id": 31,
      "name": "fernando gonzalez",
      "image": "https://randomuser.me/api/portraits/thumb/men/61.jpg",
      "email": "fernando.gonzalez@example.com",
      "joined": "12/11/18"
    },
    {
      "id": 32,
      "name": "Abbey king",
      "image": "https://randomuser.me/api/portraits/thumb/women/46.jpg",
      "email": "abbey.king@example.com",
      "joined": "11/25/03"
    }
  ]
}
        